广西广电,600936,收入构成,报告日期,2018-12-31,
按地域,收入(万元),成本(万元),利润(万元),毛利率,利润占比
广西,243079,193756,49323,20.29%,100%

广西广电,600936,收入构成,报告日期,2017-12-31,
按地域,收入(万元),成本(万元),利润(万元),毛利率,利润占比
广西,270889,211466,59424,21.94%,100%

广西广电,600936,收入构成,报告日期,2016-12-31,
按地域,收入(万元),成本(万元),利润(万元),毛利率,利润占比
广西,279528,207685,71843,25.7%,100%

