心脉医疗,688016,收入构成,报告日期,2019-12-31,
按地域,收入(万元),成本(万元),利润(万元),毛利率,利润占比
国内,32285,6373,25912,80.26%,97.85%
其他（补充）,476,330,146,30.65%,0.55%
国外,612,189,422,69.03%,1.59%

心脉医疗,688016,收入构成,报告日期,2018-12-31,
按地域,收入(万元),成本(万元),利润(万元),毛利率,利润占比
国内,22599,-- ,22599,--,97.78%
国外,514,-- ,514,--,2.22%

心脉医疗,688016,收入构成,报告日期,2017-12-31,
按地域,收入(万元),成本(万元),利润(万元),毛利率,利润占比
国内,16513,-- ,16513,--,100%

心脉医疗,688016,收入构成,报告日期,2016-12-31,
按地域,收入(万元),成本(万元),利润(万元),毛利率,利润占比
国内,12533,-- ,12533,--,100%

